{"f1_score": 0.7541044025271698, "log_loss": 0.4251248064036002, "precision": 0.47058823529411764, "recall": 0.02741290691033695, "roc_auc_score": 0.704498214102618}